书名,别名,链接,信息,评分,评分人数,描述
红楼梦,红楼梦,https://book.douban.com/subject/1007305/,[清] 曹雪芹 著 / 人民文学出版社 / 1996-12 / 59.70元,9.6,365313,都云作者痴，谁解其中味？
活着,活着,https://book.douban.com/subject/4913064/,余华 / 作家出版社 / 2012-8-1 / 20.00元,9.4,677963,生的苦难与伟大
百年孤独,Cien años de soledad,https://book.douban.com/subject/6082808/,[哥伦比亚] 加西亚·马尔克斯 / 范晔 / 南海出版公司 / 2011-6 / 39.50元,9.3,369280,魔幻现实主义文学代表作
飘,Gone with the Wind,https://book.douban.com/subject/1068920/,[美国] 玛格丽特·米切尔 / 李美华 / 译林出版社 / 2000-9 / 40.00元,9.3,190969,革命时期的爱情，随风而逝
1984,Nineteen Eighty-Four,https://book.douban.com/subject/4820710/,[英] 乔治·奥威尔 / 刘绍铭 / 北京十月文艺出版社 / 2010-4-1 / 28.00,9.4,208052,栗树荫下，我出卖你，你出卖我
三体全集:地球往事三部曲, : 地球往事三部曲 ,https://book.douban.com/subject/6518605/,刘慈欣 / 重庆出版社 / 2012-1-1 / 168.00元,9.4,128231,地球往事三部曲
白夜行,白夜行,https://book.douban.com/subject/3259440/,[日] 东野圭吾 / 刘姿君 / 南海出版公司 / 2008-9 / 29.80元,9.1,494298,暗夜独行的残破灵魂，爱与恶本就难分难舍
三国演义（全二册）,三国演义（全二册）,https://book.douban.com/subject/1019568/,[明] 罗贯中 / 人民文学出版社 / 1998-05 / 39.50元,9.3,147841,是非成败转头空
小王子,Le Petit Prince,https://book.douban.com/subject/1084336/,[法] 圣埃克苏佩里 / 马振聘 / 人民文学出版社 / 2003-8 / 22.00元,9.0,681701,献给长成了大人的孩子们
福尔摩斯探案全集（上中下）,福尔摩斯探案全集（上中下）,https://book.douban.com/subject/1040211/,[英] 阿·柯南道尔 / 丁钟华 等 / 群众出版社 / 1981-8 / 53.00元/68.00元,9.3,116354,名侦探的代名词
动物农场,Animal Farm,https://book.douban.com/subject/2035179/,[英] 乔治·奥威尔 / 荣如德 / 上海译文出版社 / 2007-3 / 10.00元,9.3,129013,太阳底下并无新事
房思琪的初恋乐园,房思琪的初恋乐园,https://book.douban.com/subject/27614904/,林奕含 / 北京联合出版公司 / 2018-2 / 45.00元,9.2,299701,向死而生的文学绝唱
撒哈拉的故事,撒哈拉的故事,https://book.douban.com/subject/1060068/,三毛 / 哈尔滨出版社 / 2003-8 / 15.80元,9.2,135339,游荡的自由灵魂
天龙八部,天龙八部,https://book.douban.com/subject/1255625/,金庸 / 生活·读书·新知三联书店 / 1994-5 / 96.00元,9.1,120084,有情皆孽，无人不冤
平凡的世界（全三部）,平凡的世界（全三部）,https://book.douban.com/subject/1200840/,路遥 / 人民文学出版社 / 2005-1 / 64.00元,9.0,294295,中国当代城乡生活全景
安徒生童话故事集,安徒生童话故事集,https://book.douban.com/subject/1046209/,（丹麦）安徒生 / 叶君健 / 人民文学出版社 / 1997-08 / 25.00元,9.2,112997,为了争取未来的一代
围城,围城,https://book.douban.com/subject/1008145/,钱锺书 / 人民文学出版社 / 1991-2 / 19.00,8.9,418555,幽默的语言和对生活深刻的观察
追风筝的人,The Kite Runner,https://book.douban.com/subject/1770782/,[美] 卡勒德·胡赛尼 / 李继宏 / 上海人民出版社 / 2006-5 / 29.00元,8.9,736011,为你，千千万万遍
霍乱时期的爱情,El amor en los tiempos del cólera,https://book.douban.com/subject/10594787/,[哥伦比亚] 加西亚·马尔克斯 / 杨玲 / 南海出版公司 / 2012-9-1 / 39.50元,9.0,240378,义无反顾地直达爱情的核心
局外人,L'Etranger,https://book.douban.com/subject/4908885/,[法] 阿尔贝·加缪 / 柳鸣九 / 上海译文出版社 / 2010-8 / 22.00元,9.0,191643,人生在世，永远也不该演戏作假
明朝那些事儿（1-9）:限量版, : 限量版 ,https://book.douban.com/subject/3674537/,当年明月 / 中国海关出版社 / 2009-4 / 358.20元,9.1,134817,不拘一格的历史书写
沉默的大多数:王小波杂文随笔全编, : 王小波杂文随笔全编 ,https://book.douban.com/subject/1054685/,王小波 / 中国青年出版社 / 1997-10 / 27.00元,9.1,131046,沉默是沉默者的通行证
月亮和六便士,The Moon and Sixpence,https://book.douban.com/subject/1858513/,[英] 毛姆 / 傅惟慈 / 上海译文出版社 / 2006-8 / 15.00元,9.0,181124,有多少人会经历顿悟，就有更少的人甘愿自我放逐
哈利·波特,Harry Potter,https://book.douban.com/subject/24531956/,J.K.罗琳 (J.K.Rowling) / 苏农 / 人民文学出版社 / 2008-12-1 / 498.00元,9.7,67385,从9¾站台开始的旅程
人类简史:从动物到上帝, : 从动物到上帝 ,https://book.douban.com/subject/25985021/,[以色列] 尤瓦尔·赫拉利 / 林俊宏 / 中信出版社 / 2014-11 / 68.00元,9.1,171203,跟着人类一同走过十万年
基督山伯爵,Le Comte de Monte-Cristo,https://book.douban.com/subject/1085860/,大仲马 / 周克希 / 上海译文出版社 / 1991-12-1 / 43.90元,9.0,118653,一个报恩复仇的故事，以法国波旁王朝和七月王朝为背景
嫌疑人X的献身,容疑者Xの献身,https://book.douban.com/subject/3211779/,[日] 东野圭吾 / 刘子倩 / 南海出版公司 / 2008-9 / 28.00,8.9,479220,数学好是一种极致的浪漫
肖申克的救赎,Different Seasons,https://book.douban.com/subject/1829226/,[美] 斯蒂芬·金 / 施寄青 / 人民文学出版社 / 2006-7 / 29.90元,9.1,106923,豆瓣电影Top1原著
笑傲江湖（全四册）,笑傲江湖（全四册）,https://book.douban.com/subject/1002299/,金庸 / 生活·读书·新知三联书店 / 1994-5 / 76.80元,9.0,101503,欲练此功，必先自宫
万历十五年,万历十五年,https://book.douban.com/subject/1041482/,[美] 黄仁宇 / 生活·读书·新知三联书店 / 1997-5 / 18.00元,8.9,175893,见微知著，历史观的颠覆
冰与火之歌（卷一）:权力的游戏, : 权力的游戏 ,https://book.douban.com/subject/1336330/,[美] 乔治·R. R. 马丁 / 谭光磊 / 重庆出版社 / 2005-5 / 68.00元,9.3,37985,凛冬将至。无比宏大的世界观
呐喊,呐喊,https://book.douban.com/subject/1449351/,鲁迅 / 人民文学出版社 / 1973-3 / 0.36元,9.0,131616,新文学的第一声呐喊
东方快车谋杀案,Murder on the Orient Express,https://book.douban.com/subject/1827374/,[英] 阿加莎·克里斯蒂 / 陈尧光 / 人民文学出版社 / 2006-5 / 18.00元,9.0,121697,谋杀诡计惊人，波洛的抉择耐人寻味
杀死一只知更鸟,To Kill a Mocking Bird,https://book.douban.com/subject/6781808/,[美] 哈珀·李 / 高红梅 / 译林出版社 / 2012-9 / 32.00元,9.2,116970,有一种东西不能遵循从众原则，那就是——人的良心
中国历代政治得失,中国历代政治得失,https://book.douban.com/subject/1003479/,钱穆 / 生活·读书·新知三联书店 / 2001 / 12.00元,9.2,57692,一部简明的“中国政治制度史”
傲慢与偏见,Pride and Prejudice,https://book.douban.com/subject/1083428/,[英] 奥斯丁 / 张玲 / 人民文学出版社 / 1993-7 / 13.00元,8.9,214991,所有现代言情小说的母体
江城,River Town,https://book.douban.com/subject/7060185/,[美] 彼得·海斯勒 / 李雪顺 / 上海译文出版社 / 2012-1 / 36.00元,9.1,50674,外国人眼中的涪陵
寻路中国:从乡村到工厂的自驾之旅, : 从乡村到工厂的自驾之旅 ,https://book.douban.com/subject/5414391/,[美] 彼得·海斯勒 / 李雪顺 / 上海译文出版社 / 2011-1 / 33.00元,9.0,49691,《纽约客》驻北京记者驾车漫游中国大陆的经历
射雕英雄传,射雕英雄传,https://book.douban.com/subject/1044547/,金庸 / 生活·读书·新知三联书店 / 1999-04 / 47.00元,9.0,76099,侠之大者，为国为民
黄金时代:时代三部曲, : 时代三部曲 ,https://book.douban.com/subject/1089243/,王小波 / 花城出版社 / 1999-3 / 19.00元,8.9,149629,我想爱，想吃，还想在一瞬间变成天上半明半暗的云
新名字的故事:那不勒斯四部曲2, : 那不勒斯四部曲2 ,https://book.douban.com/subject/26986954/,[意] 埃莱娜·费兰特 / 陈英 / 人民文学出版社 / 2017-4 / 59.00元,9.1,68198,探索青年时代的激情、困惑、挣扎、背叛和失去
无人生还,And Then There Were None,https://book.douban.com/subject/3006581/,[英] 阿加莎・克里斯蒂 / 祁阿红 / 人民文学出版社 / 2008-3 / 19.00,8.9,127261,童谣杀人案
刀锋,The Razor's Edge,https://book.douban.com/subject/2035162/,[英]毛姆 / 周煦良 / 上海译文出版社 / 2007-3 / 18.00元,9.0,73904,一把刀的锋刃不容易越过；因此智者说得救之道是困难的
格林童话全集,Kinder-und Hausmärchen,https://book.douban.com/subject/1043008/,[德国]格林兄弟 / 魏以新 / 人民文学出版社 / 1994-11 / 21.45元,9.0,84616,一本有教育意义的书
失踪的孩子:那不勒斯四部曲4, : 那不勒斯四部曲4 ,https://book.douban.com/subject/30172069/,[意] 埃莱娜·费兰特 / 陈英 / 人民文学出版社 / 2018-7 / 62.00元,9.2,57456,我的整个生命，只是一场为了提升社会地位的低俗斗争。
看见,看见,https://book.douban.com/subject/20427187/,柴静 / 广西师范大学出版社 / 2013-1-1 / 39.80元,8.8,314399,在这里看见中国
神雕侠侣,神鵰俠侶,https://book.douban.com/subject/1255624/,金庸 / 有1996年11月北平第4次印本 / 生活·读书·新知三联书店 / 1994-5 / 76.80元,8.9,92280,至情至性，情大于武
城南旧事:纪念普及版, : 纪念普及版 ,https://book.douban.com/subject/1254588/,林海音 文 / 中国青年出版社 / 2003-7 / 16.00元,9.0,131688,长亭外，古道边，芳草碧连天
乡土中国,乡土中国,https://book.douban.com/subject/1795079/,费孝通 / 上海人民出版社 / 2006-04-01 / 38.00,9.2,63487,中国乡土社会传统文化和社会结构理论研究代表作
历史深处的忧虑:近距离看美国之一, : 近距离看美国之一 ,https://book.douban.com/subject/1027191/,林达 / 生活·读书·新知三联书店 / 1997-5 / 19.00元,9.0,41756,窥见美国社会的一扇窗
许三观卖血记,许三观卖血记,https://book.douban.com/subject/1029791/,余华 / 南海出版公司 / 1998-9 / 16.80元,8.8,223401,以博大的温情描绘磨难中的人生
灿烂千阳,A Thousand Splendid Suns,https://book.douban.com/subject/2143732/,[美] 卡勒德·胡赛尼 / 李继宏 / 上海人民出版社 / 2007-9 / 28.00元,8.8,108711,唯有希望与爱可以驱散阴霾
我与地坛:史铁生代表作, : 史铁生代表作 ,https://book.douban.com/subject/1209899/,史铁生 / 春风文艺出版社 / 2002-5 / 25.00元,9.1,83106,这是你的罪孽与福祉
白鹿原:20周年精装典藏版, : 20周年精装典藏版 ,https://book.douban.com/subject/10564071/,陈忠实 / 人民文学出版社 / 2012-9 / 39.00元,9.2,80411,一轴关于我们民族灵魂的现实主义画卷
哭泣的骆驼,哭泣的骆驼,https://book.douban.com/subject/1029111/,三毛 / 哈尔滨出版社 / 2003-6 / 15.80元,8.9,52726,沙漠中寻常的生与死
悲惨世界（上中下）,Les Misérables,https://book.douban.com/subject/1205054/,[法] 雨果 / 李丹 / 人民文学出版社 / 1992-6 / 66.00元,9.0,57966,现实主义与浪漫主义的至高杰作
朝花夕拾,朝花夕拾,https://book.douban.com/subject/1449352/,鲁迅 / 人民文学出版社 / 1973-4 / 0.25元,8.9,127033,在纷扰中寻出一点闲静
窗边的小豆豆,窓ぎわのトットちゃん,https://book.douban.com/subject/1007914/,[日] 黑柳彻子 著 / 赵玉皎 / 南海出版公司 / 2003-1 / 20.00元,8.7,188749,真正懂孩子的教育经
史记（全十册）,史记（全十册）,https://book.douban.com/subject/1077847/,司马迁 / （索引）司马贞，（正义）张守节 / 中华书局 / 1982-11 / 125.00,9.5,21417,史家之绝唱，无韵之离骚
我们仨,我们仨,https://book.douban.com/subject/1023045/,杨绛 / 生活·读书·新知三联书店 / 2003-7 / 18.80元,8.7,283699,家庭生活回忆录
彷徨,彷徨,https://book.douban.com/subject/1449348/,鲁迅 / 人民文学出版社 / 1973-3 / 0.37元,9.1,49795,路漫漫其修远兮，吾将上下而求索
邓小平时代,Deng Xiaoping and the Transformation of China,https://book.douban.com/subject/20424526/,[美] 傅高义 / 冯克利 / 生活·读书·新知三联书店 / 2013-1 / 88.00元,9.2,46946,个人命运背后的历史变局
浪潮之巅,浪潮之巅,https://book.douban.com/subject/6709783/,吴军 / 电子工业出版社 / 2011-8 / 55.00元,9.0,31028,了解IT领域的入门读物
文学回忆录:1989—1994, : 1989—1994 ,https://book.douban.com/subject/20440644/,木心 口述 / 广西师范大学出版社 / 2013-1-10 / 98.00元,9.1,40246,木心留给世界的礼物
西游记（全二册）,西游记（全二册）,https://book.douban.com/subject/1029553/,吴承恩 / 黄肃秋 注释 / 人民文学出版社 / 2004-8 / 47.20元,8.9,73418,神魔皆有人情，精魅亦通世故
野草,野草,https://book.douban.com/subject/1915958/,鲁迅 / 人民文学出版社 / 1973-3 / 0.20元,9.4,34127,我以这一丛野草，在明与暗，生与死，过去与未来之际，献于友与仇，人与兽，爱者与不爱者之前作证。
中国少年儿童百科全书（全四册）,中国少年儿童百科全书（全四册）,https://book.douban.com/subject/1028409/,林崇德 主编 / 浙江教育出版社 / 1991-4 / 168.00元,9.4,13629,
上帝掷骰子吗:量子物理史话, : 量子物理史话 ,https://book.douban.com/subject/1467022/,曹天元 / 辽宁教育出版社 / 2006-1 / 32.00元,9.2,30288,量子物理史话
爱你就像爱生命,爱你就像爱生命,https://book.douban.com/subject/3071717/,王小波 / 上海锦绣文章出版社 / 2008-5 / 18.00元,8.8,103230,王小波与李银河的两地书
树上的男爵,The Baron in the Trees,https://book.douban.com/subject/6789605/,[意] 伊塔洛·卡尔维诺 / 吴正仪 / 译林出版社 / 2012-4-1 / 30.00元,9.1,41333,是不是真的只有先与人疏离，才能最终与他们在一起？
这些人，那些事,这些人，那些事,https://book.douban.com/subject/6388661/,吴念真 / 译林出版社 / 2011-9 / 28.00元,8.8,62466,平淡叙述下的惊心动魄
卡拉马佐夫兄弟,Бра́тья Карама́зовы,https://book.douban.com/subject/1856494/,[俄] 费奥多尔·陀思妥耶夫斯基 / 荣如德 / 上海译文出版社 / 2006-8 / 25.00元,9.4,24043,错综复杂的社会、家庭矛盾和人性悲剧
道德经,道德经,https://book.douban.com/subject/1059258/,黄元吉 / 陕西人民出版社 / 1996-10 / 4.50元,9.5,17025,中国历史上首部完整的哲学著作
台北人,台北人,https://book.douban.com/subject/5337248/,白先勇 / 广西师范大学出版社 / 2010-10 / 38.00元,8.9,55304,白先勇短篇小说集
诗经,诗经,https://book.douban.com/subject/1883245/,孔丘 编订 / 北京出版社 / 2006-7 / 19.90元,9.4,24081,思无邪
飞鸟集,飞鸟集,https://book.douban.com/subject/1058661/,[印] 罗宾德拉纳德·泰戈尔 / 徐翰林 / 哈尔滨出版社 / 2004-6 / 16.80元,8.9,59803,一个淡泊清透的世界
边城,边城,https://book.douban.com/subject/1057244/,沈从文 / 北岳文艺出版社 / 2002-4 / 12.00元,8.7,208830,一切充满了善，然而到处是不凑巧
人间词话,人间词话,https://book.douban.com/subject/1203426/,王国维 / 上海古籍出版社 / 1998-12 / 9.80元,9.0,49204,以新眼光评旧文学
永恒的终结:关于时间旅行的终极奥秘和恢宏构想, : 关于时间旅行的终极奥秘和恢宏构想 ,https://book.douban.com/subject/25829693/,[美] 艾萨克·阿西莫夫 / 崔正男 / 江苏凤凰文艺出版社 / 2014-9 / 32.00元,9.0,35586,关于时间旅行的终极奥秘和恢宏构想
教父,The Godfather,https://book.douban.com/subject/1092335/,[美]马里奥·普佐 / 周汉林 / 译林出版社 / 1997-8 / 23.30元,9.0,36890,“教父三部曲”电影原著
艺术的故事,The Story of Art,https://book.douban.com/subject/3162991/,[英] 贡布里希 (Sir E.H.Gombrich) / 范景中 / 广西美术出版社 / 2008-04 / 280.00,9.6,21263,从最早的洞窟绘画到当今的实验艺术
鹿鼎记,鹿鼎记,https://book.douban.com/subject/1212893/,金庸 / 广州出版社 花城出版社 / 2008-3 / 108.00元,8.8,51615,武侠的解构，流氓的狂欢
悉达多,悉达多,https://book.douban.com/subject/3406401/,[德] 赫尔曼·黑塞 / 杨玉功 译 / 上海人民出版社 / 2009-3 / 20.00,9.0,39604,在那最绝望的一刹那，他突然听到了生命之河永恒的声音……
罗杰疑案:阿加莎·克里斯蒂侦探作品集02, : 阿加莎·克里斯蒂侦探作品集02 ,https://book.douban.com/subject/21371175/,[英] 阿加莎·克里斯蒂 / 常禾 / 新星出版社 / 2013-3 / 28.00元,9.2,44093,
基地,Foundation,https://book.douban.com/subject/1258490/,[美] 艾萨克·阿西莫夫 / 叶李华 / 天地出版社 / 2005-1 / 21.00元,9.2,14926,
梦里花落知多少,梦里花落知多少,https://book.douban.com/subject/2070844/,三毛 / 北京十月文艺出版社 / 2007-6 / 28.00元,8.8,90573,哀而不伤
解忧杂货店,ナミヤ雑貨店の奇蹟,https://book.douban.com/subject/25862578/,[日] 东野圭吾 / 李盈春 / 南海出版公司 / 2014-5 / 39.50元,8.5,714041,现代人内心流失的东西，这家杂货店能帮你找回
唐诗三百首,唐诗三百首,https://book.douban.com/subject/1013267/,蘅塘退士 / 中华书局 / 1984-07-01 / 0.65,9.4,21653,熟读唐诗三百首，不会吟诗也会吟
一个陌生女人的来信,Brief einer Unbekannten,https://book.douban.com/subject/2154960/,[奥] 斯蒂芬·茨威格 / 张玉书 / 上海译文出版社 / 2007-7 / 20.00元,8.7,130243,暗恋的极致
海子的诗,海子的诗,https://book.douban.com/subject/1011754/,海子 / 人民文学出版社 / 1999-04 / 15.40,8.9,40991,
看不见的城市,Le città invisibili,https://book.douban.com/subject/1863930/,[意大利]伊塔洛·卡尔维诺 / 张宓 / 译林出版社 / 2006-8 / 16.00元,8.8,37216,每一座城市都只在想象中耸立，又在描述中坍圮
巨人的陨落:世纪三部曲, : 世纪三部曲 ,https://book.douban.com/subject/26698660/,[英] 肯·福莱特 / 于大卫 / 江苏凤凰文艺出版社 / 2016-5-1 / 129.80元,8.9,78129,五个家族，一场战争
时间简史:插图本, : 插图本 ,https://book.douban.com/subject/1034282/,[英] 史蒂芬·霍金 / 许明贤 / 湖南科学技术出版社 / 2010-4 / 45.00元,8.8,56425,探索时间和空间的核心秘密
故事新编,故事新编,https://book.douban.com/subject/2046909/,鲁迅 / 人民文学出版社 / 1973-12-01 / 0.31 元,9.4,29814,拾取古代传说，取一点因由，随意点染
送你一颗子弹,送你一颗子弹,https://book.douban.com/subject/4238362/,刘瑜 / 上海三联书店 / 2010-1 / 25.00元,8.6,136825,在这本书里，被“审视”的东西杂七杂八
献给阿尔吉侬的花束,Flowers for Algernon,https://book.douban.com/subject/26362836/,[美] 丹尼尔·凯斯 / 陈澄和 / 广西师范大学出版社 / 2015-4 / 36.00元,9.1,53524,当声称能改造智能的科学实验选中心智障碍主角
鼠疫,La Peste,https://book.douban.com/subject/24257229/,[法] 阿尔贝·加缪 / 刘方 / 上海译文出版社 / 2013-8 / 34.00元,9.0,50669,用别样的监禁生活再现某种监禁生活，与用不存在的事表现真事同等合理
目送,目送,https://book.douban.com/subject/3995526/,龙应台 / 生活·读书·新知三联书店 / 2009-10 / 39.00元,8.6,202578,不必追
呼兰河传:1947年版本・原版珍藏, : 1947年版本・原版珍藏 ,https://book.douban.com/subject/1060852/,萧红 / 百花文艺出版社 / 2005-01 / 19.00,8.9,73524,萧红的童年往事
斯通纳,Stoner,https://book.douban.com/subject/26425831/,[美] 约翰·威廉斯 / 杨向荣 / 上海人民出版社 / 2016-1 / 49.00元,8.8,50343,即使不能拥有完美的生活，所幸追求过完整的自我
最好的告别:关于衰老与死亡，你必须知道的常识, : 关于衰老与死亡，你必须知道的常识 ,https://book.douban.com/subject/26576861/,[美] 阿图·葛文德（Atul Gawande） / 王一方 主编 / 浙江人民出版社 / 2015-7-31 / 54.90元,9.0,39453,关于衰老与死亡，你必须知道的常识
人生的枷锁,Of Human Bondage,https://book.douban.com/subject/2035171/,[英] 毛姆 / 张柏然 / 上海译文出版社 / 2007-3 / 32.00元,9.0,26311,在混沌纷扰的生活漩流中，寻求人生的真谛
情书,ラヴレター,https://book.douban.com/subject/1080370/,[日] 岩井俊二 / 穆晓芳 / 天津人民出版社 / 2004-7 / 18.00元,8.6,99729,一场同名同姓的误会，两段可贵的爱情
亲爱的安德烈,亲爱的安德烈,https://book.douban.com/subject/3369793/,龙应台 / 人民文学出版社 / 2008-12 / 26.00,8.6,116171,弭平代沟，跨越文化阻隔
陆犯焉识,陆犯焉识,https://book.douban.com/subject/6880158/,严歌苓 / 作家出版社 / 2011-10 / 35.00元,8.8,52019,翻手为苍凉，覆手为繁华
史蒂夫·乔布斯传,Steve Jobs: A Biography,https://book.douban.com/subject/6798611/,[美] 沃尔特·艾萨克森 / 管延圻 / 中信出版社 / 2011-10-24 / 68.00元,8.7,55861,完美主义者的最高形态
一个叫欧维的男人决定去死,En man som heter Ove,https://book.douban.com/subject/26672693/,[瑞典] 弗雷德里克·巴克曼 / 宁蒙 / 四川文艺出版社 / 2015-12 / 35.00元,9.0,51342,这个发生在瑞典的故事，如生命庆典般绚丽斑斓
孩子你慢慢来,孩子你慢慢来,https://book.douban.com/subject/4207781/,龙应台 / 生活·读书·新知三联书店 / 2009-12-1 / 28.00元,8.7,73732,我们现在怎样做母亲
不能承受的生命之轻,Nesnesitelná lehkost bytí,https://book.douban.com/subject/1017143/,[捷克] 米兰·昆德拉 / 许钧 / 上海译文出版社 / 2003-7 / 23.00元,8.5,211926,隐喻式的哲学思考，人的悲欢离合的生命历程
倾城之恋,倾城之恋,https://book.douban.com/subject/1985223/,张爱玲 / 北京十月文艺出版社 / 2006-12 / 29.80元,8.7,46716,“一对平凡的夫妻”之间的“一点真心”
离开的，留下的:那不勒斯四部曲3, : 那不勒斯四部曲3 ,https://book.douban.com/subject/27104959/,[意] 埃莱娜·费兰特 / 陈英 / 人民文学出版社 / 2017-10 / 62.00元,8.8,54677,探索中年的虚无、困惑、野心和近乎残暴的爱
王尔德童话,The tales of Oscar Wilde,https://book.douban.com/subject/1119839/,[英] 王尔德 / 王林 / 译林出版社 / 2003-6 / 6.00元,9.1,20619,一颗纯美纯善、永难泯灭的童心
你当像鸟飞往你的山,Educated:A Memoir,https://book.douban.com/subject/33440205/,[美] 塔拉·韦斯特弗 / 任爱红 / 南海出版公司 / 2019-10 / 59.00元,8.7,137233,我来自一个极少有人能想象的家庭，教育给了我新世界
十万个为什么,十万个为什么,https://book.douban.com/subject/2160556/,少年儿童出版社 / 1962 / 30.00元,9.1,15716,
海的女儿,海的女儿,https://book.douban.com/subject/1765512/,安徒生 / 叶君健 / 上海译文出版社 / 1978年6月 / 0.43,9.1,18115,
九州·缥缈录,九州·缥缈录,https://book.douban.com/subject/1321017/,江南 / 新世界出版社 / 2005-6 / 20.00元,8.8,29796,乱世的英雄史诗
冬牧场,冬牧场,https://book.douban.com/subject/10522856/,李娟 / 新星出版社 / 2012-6 / 29.80元,9.0,26663,阿勒泰的精灵
万水千山走遍,万水千山走遍,https://book.douban.com/subject/1036490/,三毛 / 哈尔滨出版社 / 2003-08 / 13.80,8.8,41683,从遥远的撒哈拉到敦煌戈壁
孽子,孽子,https://book.douban.com/subject/5337254/,白先勇 / 广西师范大学出版社 / 2010.10 / 46.00元,9.1,31814,写给那一群， 在最深最深的黑夜里， 独自彷徨街头， 无所依归的孩子们
球状闪电,球状闪电,https://book.douban.com/subject/1192090/,刘慈欣 / 四川科学技术出版社 / 2005-6 / 22.00元,8.7,70754,量子之外，没有真相
人生的智慧,人生的智慧,https://book.douban.com/subject/3261600/,(德)叔本华 / 韦启昌 / 上海人民出版社 / 2008-10-01 / 28.00元,9.2,26414,对世俗、实用问题深刻而透彻的讨论
叫魂:1768年中国妖术大恐慌, : 1768年中国妖术大恐慌 ,https://book.douban.com/subject/10471333/,[美] 孔飞力 / 陈兼 / 生活·读书·新知三联书店 上海三联书店 / 2012-5 / 38.00元,9.0,24126,1768年中国妖术大恐慌
民主的细节:美国当代政治观察随笔, : 美国当代政治观察随笔 ,https://book.douban.com/subject/3813669/,刘瑜 / 上海三联书店 / 2009-6 / 25.00,8.6,73376,公民养成手册
苏菲的世界,Sofies verden,https://book.douban.com/subject/2284311/,[挪] 乔斯坦·贾德 / 萧宝森 / 作家出版社 / 2007-10 / 26.00元,8.8,50027,哲学启蒙书
野火集:二十年纪念版, : 二十年纪念版 ,https://book.douban.com/subject/1426971/,龙应台 / 文汇出版社 / 2005-8 / 25.00元,8.8,33449,中国人，你为什么不生气
浮生六记,浮生六记,https://book.douban.com/subject/1088581/,（清）沈复 / 人民文学出版社 / 1999-1 / 38,8.8,62222,苟不记之笔墨，未免有辜彼苍之厚
美的历程,美的历程,https://book.douban.com/subject/3410718/,李泽厚 / 生活·读书·新知三联书店 / 2009-7 / 43.00元,9.2,25092,中国美学经典之作
经济学原理（上下）,经济学原理（上下）,https://book.douban.com/subject/1028842/,[美] 曼昆 / 梁小民 / 机械工业出版社 / 2003-8 / 88.00元,9.1,19646,经济学家们的世界观
简爱（英文全本）,Jane Eyre,https://book.douban.com/subject/1141406/,[英] 夏洛蒂·勃朗特 / 世界图书出版公司 / 2003-11 / 18.00元,8.5,199194,灰姑娘在十九世纪
國史大綱（上下）,國史大綱（上下）,https://book.douban.com/subject/1046492/,錢穆 / 商务印书馆 / 2013-8 / 76.00元,9.3,14265,钱穆中国通史
麦琪的礼物:欧·亨利短篇小说经典, : 欧·亨利短篇小说经典 ,https://book.douban.com/subject/1051193/,[美] 欧·亨利 / 张经浩 / 上海社会科学院出版社 / 2003-7 / 25.00元,8.6,69493,日常的奇迹
爱的艺术,爱的艺术,https://book.douban.com/subject/3026879/,[美] 艾·弗洛姆 / 李健鸣 / 上海译文出版社 / 2008-4 / 15.00元,8.8,39756,谦恭地、勇敢地、真诚地和有纪律地爱他人
牧羊少年奇幻之旅,O Alquimista,https://book.douban.com/subject/3608208/,[巴西] 保罗·柯艾略 / 丁文林 / 南海出版公司 / 2009-3-1 / 25.00元,8.5,146575,你自己就是最大的宝藏
荆棘鸟,The Thorn Birds,https://book.douban.com/subject/1086249/,[澳] 考琳·麦卡洛 / 曾胡 / 译林出版社 / 1998-7 / 28.00元,8.6,49778,澳洲乱世情
银河系漫游指南,The Hitchhiker's Guide to the Galaxy,https://book.douban.com/subject/1394364/,[英] 道格拉斯·亚当斯 / 徐百柯 / 四川科学技术出版社 / 2005-6 / 16.00元,8.8,20297,一场穿越银河的冒险
半生缘,半生缘,https://book.douban.com/subject/1963684/,张爱玲 / 北京十月文艺出版社 / 2006-12 / 28.00元,8.6,78085,世钧，我们回不去了
金色梦乡,ゴールデンスランバー,https://book.douban.com/subject/5038409/,[日] 伊坂幸太郎 / 李彦桦 / 译林出版社 / 2010-9 / 35.00元,9.0,25444,伊坂幸太郎代表作
你好，旧时光（上下）,玛丽苏病例报告,https://book.douban.com/subject/4166819/,八月长安 / 新世界出版社 / 2009-12 / 39.80元,8.7,44348,原作名切题
尼罗河上的惨案,Death on the Nile,https://book.douban.com/subject/1818347/,[英] 阿加莎·克里斯蒂 / 宫英海 / 人民文学出版社 / 2006-5 / 22.00元,8.7,43909,阿加莎·克里斯蒂代表作
激荡三十年:中国企业1978-2008（珍藏图文版）, : 中国企业1978-2008（珍藏图文版） ,https://book.douban.com/subject/3151575/,吴晓波 / 中信出版社 / 2008-7-1 / 32.00元,8.6,16148,中国企业1978—2008
亮剑,亮剑,https://book.douban.com/subject/1088022/,都梁 / 解放军文艺出版社 / 2005-3 / 28.00元,8.9,26229,面对强大的对手，明知不敌，也要毅然亮剑
古文观止,古文观止,https://book.douban.com/subject/1014561/,吴楚材 / 中华书局 / 1987-1-1 / 21.00元,9.1,17064,收录自先秦至明末的散文二百二十二篇
枪炮、病菌与钢铁:人类社会的命运, : 人类社会的命运 ,https://book.douban.com/subject/1813841/,[美] 贾雷德·戴蒙德 / 谢延光 / 上海译文出版社 / 2006-4-1 / 45.00元,8.7,43004,人类社会的命运
全球通史(上):从史前史到21世纪, : 从史前史到21世纪 ,https://book.douban.com/subject/1922216/,[美]斯塔夫里阿诺斯 / 吴象婴 / 北京大学出版社 / 2006-1-10 / 42.00,9.2,15456,
我也有一个梦想:近距离看美国之三, : 近距离看美国之三 ,https://book.douban.com/subject/1014825/,林达 / 生活·读书·新知三联书店 / 2004-08 / 25.00元,9.0,14717,在法治国家里，民众怎样运用法律
我的天才女友:那不勒斯四部曲1, : 那不勒斯四部曲1 ,https://book.douban.com/subject/26878124/,[意] 埃莱娜·费兰特 / 陈英 / 人民文学出版社 / 2017-1 / 42.00元,8.6,85750,“那不勒斯四部曲”第一部，两个女人，50年的友谊和战争
面纱,The Painted Veil,https://book.douban.com/subject/10560798/,(英)W.萨默塞特·毛姆 / 阮景林 / 重庆出版社 / 2012-05-01 / 32.00元,8.7,61535,揭去生活的面纱
厌女:日本的女性嫌恶, : 日本的女性嫌恶 ,https://book.douban.com/subject/25836270/,(日) 上野千鹤子 / 王兰 / 上海三联书店 / 2015-1 / 28.00元,9.0,34440,
罪与罚,Преступление и наказание,https://book.douban.com/subject/1858568/,[俄] 陀思妥耶夫斯基 / 岳麟 / 上海译文出版社 / 2006-8 / 23.00元,9.2,25513,描绘人内心的全部深度
倚天屠龙记,倚天屠龙记,https://book.douban.com/subject/1070851/,金庸 / 生活·读书·新知三联书店 / 1999-04 / 47.00,8.6,56286,不识张郎是张郎
我的阿勒泰,My Altay,https://book.douban.com/subject/4884218/,李娟 / 云南人民出版社 / 2010-7 / 22.00元,8.8,23541,描写疆北阿勒泰地区生活和风情的原生态散文集
小径分岔的花园,小径分岔的花园,https://book.douban.com/subject/25796120/,[阿根廷] 博尔赫斯 / 王永年 / 上海译文出版社 / 2015-7 / 23.00,8.9,31255,一个谜语，谜底正是时间
棋王,棋王,https://book.douban.com/subject/1020961/,阿城 / 作家出版社 / 1999-10 / 13.00,8.8,30291,我从未真正见过火，也未见过毁灭，更不知新生
恶意,悪意,https://book.douban.com/subject/3646172/,[日] 东野圭吾 / 娄美莲 / 南海出版公司 / 2009-6 / 18.00,8.5,227116,将手记体叙事的无限可能发挥得淋漓尽致
水浒传（全二册）,水浒传（全二册）,https://book.douban.com/subject/1008357/,[明] 施耐庵 / 人民文学出版社 / 1997-1 / 50.60元,8.6,68500,替天行道
正见:佛陀的证悟, : 佛陀的证悟 ,https://book.douban.com/subject/1963912/,宗萨蒋扬钦哲仁波切 / 姚仁喜 / 中国友谊出版公司 / 2007-1 / 25.00元,8.8,16375,佛陀的证悟
绿毛水怪,绿毛水怪,https://book.douban.com/subject/3518332/,王小波 / 时代文艺出版社 / 2009-1 / 30.00元,9.0,20518,我们好象在池塘的水底，从一个月亮走向另一个月亮
一千零一夜,The Arabian Nights: Tales of 1001 Nights,https://book.douban.com/subject/1035848/,纳训 / 人民文学出版社 / 2003-01 / 22.00,8.7,53289,阿拉伯地区的古代民间传说
罗生门,羅生門,https://book.douban.com/subject/3136271/,[日] 芥川龙之介 / 林少华 / 上海译文出版社 / 2008-7 / 12.00元,8.7,61220,人生，远比地狱更像地狱
雨季不再来,雨季不再来,https://book.douban.com/subject/2136140/,三毛 / 北京十月文艺出版社 / 2007-7 / 28.00元,8.7,49848,三毛少女时代的成长感受
万物有灵且美,All Things Bright and Beautiful,https://book.douban.com/subject/4187411/,[英] 吉米·哈利 / 种衍伦 / 中国城市出版社 / 2010-1 / 28.80,8.8,21000,活泼的生命完全无须借助魔法，便能对我们述说至美至真的故事
社会心理学:（第8版）, : （第8版） ,https://book.douban.com/subject/1476651/,[美] 戴维·迈尔斯 / 张智勇 / 人民邮电出版社 / 2006-1 / 68.00元,9.0,23603,人们是如何思索、影响他人并与他人建立联系的
设计中的设计,DESIGNING DESIGN,https://book.douban.com/subject/1941558/,[日] 原研哉 / 朱锷 / 山东人民出版社 / 2006-11 / 48.00元,8.6,32582,日常生活的无限可能性
总统是靠不住的:近距离看美国之二, : 近距离看美国之二 ,https://book.douban.com/subject/1056315/,林达 / 生活·读书·新知三联书店 / 2004-08 / 21.80,8.8,19486,美国政治法律制度的基本原理和操作细节
温柔的夜,温柔的夜,https://book.douban.com/subject/2068249/,三毛 / 北京十月文艺出版社 / 2007-5 / 28.00元,9.1,20504,三毛在加纳利群岛的生活
一句顶一万句,一句顶一万句,https://book.douban.com/subject/3633461/,刘震云 / 长江文艺出版社 / 2009-3 / 29.80,8.7,53722,一句胜过千年
顾城的诗,顾城的诗,https://book.douban.com/subject/1033825/,顾城 / 人民文学出版社 / 1998-12 / 20.00,8.8,23326,火焰是我们诗歌唯一的读者
雷雨,雷雨,https://book.douban.com/subject/1013416/,曹禺 / 人民文学出版社 / 1999-05 / 9.20,8.6,71389,一幕人生大悲剧，在一个雷雨夜爆发
青铜时代:时代三部曲, : 时代三部曲 ,https://book.douban.com/subject/1085883/,王小波 / 花城出版社 / 1997-5 / 29.00元,8.7,24407,唐人传奇贯注现代情趣
霸王别姬,霸王别姬,https://book.douban.com/subject/1088711/,李碧华 / 人民文学出版社 / 1999-1 / 10.20元,9.1,19035,人间，只是抹去了脂粉的脸
德米安:埃米尔·辛克莱的彷徨少年时, : 埃米尔·辛克莱的彷徨少年时 ,https://book.douban.com/subject/3578470/,[德] 赫尔曼·黑塞 / 丁君君 / 上海人民出版社 / 2009-3 / 25.00元,8.9,26936,少年辛克莱寻找通向自身之路的艰辛历程
理想国,Πολιτεία,https://book.douban.com/subject/1004821/,[古希腊] 柏拉图 / 郭斌和 / 商务印书馆 / 1986-8 / 28.00元,8.8,30059,人类历史上最早的乌托邦
认识电影:插图第11版, : 插图第11版 ,https://book.douban.com/subject/2326403/,[美] 路易斯·贾内梯 / 焦雄屏 / 世界图书出版公司 / 2007-11 / 68.00元,8.9,16910,电影入门经典之作
茶馆,茶馆,https://book.douban.com/subject/1036613/,老舍 / 人民文学出版社 / 2002-1 / 9.80元,9.0,23866,清末、民初、抗战胜利以后三个历史时期的北京生活风貌
黑客与画家:硅谷创业之父PaulGraham文集, : 硅谷创业之父Paul Graham文集 ,https://book.douban.com/subject/6021440/,[美] Paul Graham / 阮一峰 / 人民邮电出版社 / 2011-4 / 49.00元,8.7,21496,硅谷创业之父Paul Graham文集
一桩事先张扬的凶杀案,Crónica de una muerte anunciada,https://book.douban.com/subject/24382569/,[哥伦比亚] 加西亚·马尔克斯 / 魏然 / 南海出版公司 / 2013-6 / 25.00元,8.7,35504,我如此急切地想要讲述这桩案件，也许是它最终确定了我的作家生涯
最好的我们,流水混账,https://book.douban.com/subject/24754316/,八月长安 / 湖南文艺出版社 / 2013-8-5 / 55,8.7,66276,耿耿余淮
挪威的森林,ノルウェイの森,https://book.douban.com/subject/2159042/,[日] 村上春树 / 林少华 / 上海译文出版社 / 2007-7 / 23.00元,8.5,121500,像喜欢春天的熊一样
老人与海,The Old Man and the Sea,https://book.douban.com/subject/1064275/,[美]海明威 / 吴劳 / 上海译文出版社 / 1999-10 / 8.20元,8.4,178253,正是悲壮赋予生活以意义
阿勒泰的角落,阿勒泰的角落,https://book.douban.com/subject/4881850/,李娟 / 万卷出版公司 / 2010-6 / 25.00元,9.1,16613,白雪和阳光，青草和白桦林
金锁记,金锁记,https://book.douban.com/subject/3017857/,张爱玲 / 哈尔滨出版社 / 2005-6 / 13.5元,8.6,57325,一个小商人家庭出身的女子曹七巧的心灵变迁历程
失明症漫记,Ensaio sobre a Cegueira,https://book.douban.com/subject/20428302/,[葡] 若泽·萨拉马戈 / 范维信 / 南海出版公司 / 2014-2 / 29.50,9.1,21374,失明症迅速蔓延，整个城市陷入一场空前的灾难
上学记,上学记,https://book.douban.com/subject/1859140/,何兆武 口述 / 生活·读书·新知三联书店 / 2006-8 / 19.80元,8.9,13363,20世纪中国知识分子的心灵史
此生未完成:一个母亲、妻子、女儿的生命日记, : 一个母亲、妻子、女儿的生命日记 ,https://book.douban.com/subject/6397275/,于娟 / 湖南科学技术出版社 / 2011-5 / 26.00元,8.9,20757,一个母亲、妻子、女儿的生命日记
香水:一个谋杀犯的故事, : 一个谋杀犯的故事 ,https://book.douban.com/subject/1292416/,[德] 帕·聚斯金德 / 李清华 / 上海译文出版社 / 2005-5 / 20.00元,8.5,38410,每一次谋杀只因迷恋她们身上的味道
张爱玲文集,张爱玲文集,https://book.douban.com/subject/1004992/,张爱玲 / 安徽文艺出版社 / 1992年 / 45元,8.9,14752,
影响力,Influence: The Psychology of Persuasion,https://book.douban.com/subject/1786387/,[美] 罗伯特·西奥迪尼 / 陈叙 / 中国人民大学出版社 / 2006-5 / 45.00元,8.6,47276,营销防骗指南
巨流河,巨流河,https://book.douban.com/subject/4842446/,齐邦媛 / 生活·读书·新知三联书店 / 2010-10 / 39.00元,8.7,28801,两代人从巨流河到哑口海的故事
世界尽头与冷酷仙境,世界の終りとハードボイルド・ワンダーランド,https://book.douban.com/subject/1291809/,[日] 村上春树 / 林少华 / 上海译文出版社 / 2002-12 / 23.00元,8.6,41940,交叉平行蒙太奇
夏洛的网,Charlotte's Web,https://book.douban.com/subject/1036274/,[美] E.B.怀特 / 任溶溶 / 上海译文出版社 / 2004-5 / 17.00元,8.6,62922,一个蜘蛛和小猪的故事，写给孩子，也写给大人
ZOO,ZOO,https://book.douban.com/subject/2297697/,[日] 乙一 / 李颖秋 / 当代世界出版社 / 2007-10 / 20.00元,8.6,44337,噩梦中的一丝温度
论语,论语,https://book.douban.com/subject/1964774/,刘胜利 / 中华书局 / 2006-12 / 9.80元,9.1,19554,仁远乎哉？我欲仁，斯仁至矣
中国哲学简史,A Short History of Chinese Philosophy,https://book.douban.com/subject/1021273/,冯友兰 / 赵复三 / 新世界出版社 / 2004-1 / 38.00元,8.9,18147,中国哲学入门书
草房子,草房子,https://book.douban.com/subject/1052990/,曹文轩 / 江苏少年儿童出版社 / 2009-6 / 18.00元,9.0,39230,男孩桑桑刻骨铭心、终身难忘的六年小学生活
克莱因壶,クラインの壷,https://book.douban.com/subject/33658616/,[日]冈岛二人 / 张舟 / 化学工业出版社 / 2019-9 / 48.00元,8.8,35603,
人类的群星闪耀时,Sternstunden der Menschheit: Vierzehn historische Miniaturen,https://book.douban.com/subject/1083762/,[奥] 斯蒂芬·茨威格 / 舒昌善 / 广西师范大学出版社 / 2004-8 / 18.00元,8.7,28059,十四个影响人类文明的瞬间
佐贺的超级阿嬷,佐贺的超级阿嬷,https://book.douban.com/subject/2008284/,[日] 岛田洋七 / 陈宝莲 / 南海出版公司 / 2007-3 / 20.00元,8.7,22729,乐观的外婆却总有神奇的办法
秋园,秋园,https://book.douban.com/subject/34998019/,杨本芬 / 北京联合出版公司 / 2020-6 / 38.00元,8.9,29494,
如彗星划过夜空:近距离看美国之四, : 近距离看美国之四 ,https://book.douban.com/subject/1762869/,林达 / 生活·读书·新知三联书店 / 2006-3 / 21.00元,8.9,10835,
额尔古纳河右岸,额尔古纳河右岸,https://book.douban.com/subject/3311253/,迟子建 / 北京十月文艺出版社 / 2005-12-1 / 29.00元,9.0,19773,东北少数民族鄂温克人生存现状及百年沧桑
哈姆莱特,Hamlet,https://book.douban.com/subject/1006197/,[英] 莎士比亚 / 朱生豪 / 人民文学出版社 / 2001-1 / 7.00元,8.6,43525,生存还是毁灭，这是一个值得思考的问题
多情剑客无情剑(上、中、下),多情剑客无情剑(上、中、下),https://book.douban.com/subject/1422833/,古龙 / 海天出版社 / 1991-12-01 / 49.8,8.7,21364,流水滔滔斩不断，情丝百结冲不破
金阁寺,金閣寺,https://book.douban.com/subject/3391248/,[日] 三岛由纪夫 / 唐月梅 / 上海译文出版社 / 2009-1 / 24.00,8.7,30426,他的犯罪动机是对美的嫉妒
骆驼祥子,骆驼祥子,https://book.douban.com/subject/1043815/,老舍 / 人民文学出版社 / 2000-3-1 / 12.00,8.4,182877,旧中国老北京贫苦市民的典型命运
呼啸山庄,Wuthering Heights,https://book.douban.com/subject/1119522/,艾米莉·勃朗特 / 张扬 / 人民文学出版社 / 1999-01-01 / 27.30元,8.4,112497,近乎暴虐的爱与恨
海底两万里,海底两万里,https://book.douban.com/subject/1085470/,[法国] 儒尔·凡尔纳 / 沈国华 / 译林出版社 / 2002-9 / 19.50元,8.5,97001,你听说过鹦鹉螺号吗？
长日将尽,The Remains of the Day,https://book.douban.com/subject/30142261/,[英] 石黑一雄 / 冯涛 / 上海译文出版社 / 2018-5 / 48.00元,8.9,23880,
你一生的故事:特德·姜科幻小说集, : 特德·姜科幻小说集 ,https://book.douban.com/subject/26295448/,[美] 特德·姜 / 李克勤 / 译林出版社 / 2015-5 / 36.00元,8.7,30035,特德·姜科幻小说集
火星救援,The Martian,https://book.douban.com/subject/26586492/,[美] 安迪·威尔 / 陈灼 / 译林出版社 / 2015-10 / 38.00,8.9,16382,跟火星来一场不是你死就是我活的过家家游戏
繁花,繁花,https://book.douban.com/subject/22714154/,金宇澄 / 上海文艺出版社 / 2013-3 / 48.00元,8.7,29083,海上繁花，请静观静读
心是孤独的猎手,The Heart Is a Lonely Hunter,https://book.douban.com/subject/1424741/,[美] 卡森·麦卡勒斯 / 陈笑黎 / 上海三联书店 / 2005-8 / 25.00元,8.5,30206,镇上有两个哑巴，他们总是在一起
社会契约论,Du Contrat Social,https://book.douban.com/subject/1277981/,[法] 卢梭 / 何兆武 / 商务印书馆 / 2003-2-1 / 18.00元,8.8,17333,一个国家只能有一个契约
稻草人手记,稻草人手记,https://book.douban.com/subject/3607117/,三毛 / 北京十月文艺出版社 / 2009-3 / 18.00元,8.9,18422,三毛在加纳利群岛上的生活
小姨多鹤,小姨多鹤,https://book.douban.com/subject/3012517/,严歌苓 / 作家出版社 / 2008-4 / 28.00元,8.6,30836,两个女人的史诗
通往奴役之路,The Road to Serfdom,https://book.douban.com/subject/1077528/,弗里德利希・冯・哈耶克 / 王明毅 / 中国社会科学出版社 / 1997-08-01 / 16.00,8.8,15067,古典自由主义杰作
尘埃落定,尘埃落定,https://book.douban.com/subject/1080309/,阿来 / 人民文学出版社 / 1998-3-1 / 22.0,8.5,61134,一个傻子的土司家族传奇
步履不停,歩いても、歩いても,https://book.douban.com/subject/26963321/,[日] 是枝裕和 / 郑有杰 / 北京联合出版公司 / 2017-5 / 36.80元,8.7,35253,人生路上，步履不停，总有那么一点来不及
红玫瑰与白玫瑰,红玫瑰与白玫瑰,https://book.douban.com/subject/1014278/,张爱玲 / 花城出版社 / 1996-06 / 12.80元,8.4,82995,蚊子血还是饭黏子？
狂热分子:群众运动圣经, : 群众运动圣经 ,https://book.douban.com/subject/3057556/,[美] 埃里克·霍弗 / 梁永安 / 广西师范大学出版社 / 2011-6 / 34.00元,8.9,13317,探讨群众运动的共有特征
把时间当作朋友:运用心智获得解放, : 运用心智获得解放 ,https://book.douban.com/subject/3609132/,李笑来 / 电子工业出版社 / 2009-6 / 32.00元,8.4,38031,反成功学的成功学
了不起的盖茨比,The Great Gatsby,https://book.douban.com/subject/10738023/,[美] 斯科特·菲茨杰拉德 / 邓若虚 / 南海出版公司 / 2012-5 / 25.00元,8.7,42735,
娱乐至死,Amusing Ourselves to Death,https://book.douban.com/subject/1062193/,[美] 尼尔·波兹曼 / 章艳 / 广西师范大学出版社 / 2011-6 / 29.80元,8.5,39182,一切公众话语都日渐以娱乐的方式出现，一切文化内容都成为娱乐的附庸
告白,告白,https://book.douban.com/subject/4836682/,[日]凑佳苗 / 丁世佳 / 哈尔滨出版社 / 2010-7 / 26.00元,8.5,14786,
绝叫,絕叫,https://book.douban.com/subject/35031587/,[日] 叶真中显 / 林佩瑾 / 北京联合出版公司 / 2020-7 / 58.00元,8.7,39040,
带一本书去巴黎,带一本书去巴黎,https://book.douban.com/subject/1001885/,林达 / 生活·读书·新知三联书店 / 2002-5 / 35.00元,8.5,23192,倾听历史的回声
欢乐英雄,欢乐英雄,https://book.douban.com/subject/1264579/,古龙 / 珠海出版社 / 2005-8 / 28.00元,8.8,15639,坚持自己的信念，在贫穷中获得欢乐与友谊
西方哲学史（上卷）,A History of Western Philosophy,https://book.douban.com/subject/1008189/,[英] 罗素 / 何兆武 / 商务印书馆 / 1963-9 / 25.00,8.9,12900,西方哲学史及其与从古代到现代的政治、社会情况的联系
二手时间,Время секонд хэнд,https://book.douban.com/subject/26704403/,[白俄] S. A. 阿列克谢耶维奇 / 吕宁思 / 中信出版社 / 2016-1 / 55.00元,8.8,19084,用最为细小的马赛克拼出了一幅完整的后苏联时代图景
京华烟云,京华烟云,https://book.douban.com/subject/1391191/,林语堂 / 张振玉 / 陕西师范大学出版社 / 2005-7 / 43.00元,8.5,35302,林语堂的《红楼梦》
心理学与生活,心理学与生活,https://book.douban.com/subject/1032501/,[美] 理查德·格里格 / 王垒 / 人民邮电出版社 / 2003-10 / 88.00元,8.8,18548,是教科书，也是通俗易懂的好读物
陆小凤传奇,陆小凤传奇,https://book.douban.com/subject/1089512/,古龙 / 珠海出版社 / 2005-8 / 94.00元,8.7,19588,“我是陆小凤，四条眉毛的陆小凤。”
卓有成效的管理者,The Effective Executive,https://book.douban.com/subject/1322025/,[美] 彼得·德鲁克 / 许是祥 / 机械工业出版社 / 2005-6 / 28.00元,8.7,16500,
长夜难明:紫金陈“推理之王”第3部, : 紫金陈“推理之王”第3部 ,https://book.douban.com/subject/26923390/,紫金陈 / 云南人民出版社 / 2017-1 / 42.00元,8.5,65507,
美丽新世界,Brave New World,https://book.douban.com/subject/1321789/,[英] 阿道司·赫胥黎 / 王波 / 重庆出版社 / 2005-6 / 20.00元,8.7,24329,最经典的反乌托邦文学之一
桶川跟踪狂杀人事件,桶川ストーカー殺人事件,https://book.douban.com/subject/35094680/,[日] 清水洁 / 王华懋 / 四川人民出版社 / 2021-2 / 45.00元,9.0,20408,
遥远的救世主,遥远的救世主,https://book.douban.com/subject/1322455/,豆豆 / 作家出版社 / 2005-05-01 / 28.00,8.7,28026,
少有人走的路:心智成熟的旅程, : 心智成熟的旅程 ,https://book.douban.com/subject/1775691/,[美] M·斯科特·派克 / 于海生 / 吉林文史出版社 / 2007-1 / 26.00元,8.3,93564,成熟的心智通向更完善的自我
泰戈尔诗集,泰戈尔诗集,https://book.douban.com/subject/1170801/,[印] 罗宾德拉纳特·泰戈尔 / 深幻 / 北京出版社 / 2004-7 / 25.00元,8.9,10526,
被讨厌的勇气:“自我启发之父”阿德勒的哲学课, : “自我启发之父”阿德勒的哲学课 ,https://book.douban.com/subject/26369699/,[日] 岸见一郎 / 渠海霞 / 机械工业出版社 / 2015-3-1 / 39.8,8.6,87917,
那些回不去的年少时光·终场,那些回不去的年少时光·终场,https://book.douban.com/subject/4732378/,桐华 / 江苏文艺出版社 / 2010-04 / 23.80元,8.7,21869,青春的逝去并不可怕，可怕的是失去了勇敢地热爱生活的心
世界的凛冬:世纪三部曲2, : 世纪三部曲 2 ,https://book.douban.com/subject/26957760/,[英] 肯·福莱特 / 陈杰 / 江苏凤凰文艺出版社 / 2017-3-1 / 132.00（全三册）,8.8,23984,我亲眼目睹，每一个迈向死亡的生命都在热烈地生长
不存在的骑士,Il Cavaliere Inesistente,https://book.douban.com/subject/6789551/,[意] 伊塔洛·卡尔维诺 / 吴正仪 / 译林出版社 / 2012-4 / 22.00元,8.8,15915,
消失的13级台阶,13階段,https://book.douban.com/subject/34996429/,[日] 高野和明 / 赵建勋 / 上海文艺出版社 / 2020-5-15 / 42.00元,8.6,56195,
一个人的村庄,一个人的村庄,https://book.douban.com/subject/1692648/,刘亮程 / 春风文艺出版社 / 2006-1 / 28.00元,8.9,15275,他是真正的作家，也是真正的农民
当呼吸化为空气,When Breath Becomes Air,https://book.douban.com/subject/26896859/,[美] 保罗·卡拉尼什 / 何雨珈 / 浙江文艺出版社 / 2016-12 / 48.00元,8.8,23327,你在死亡中探究生命的意义，你见证生前的呼吸化作死后的空气
1Q84（全三册）,1Q84（全三册）,https://book.douban.com/subject/10529920/,村上春树 / 施小炜 / 南海出版公司 / 2011-1-1 / 111.50元,8.1,5212,
君主论,Il Principe,https://book.douban.com/subject/1060774/,[意]尼科洛·马基雅维里 / 潘汉典 / 商务印书馆 / 2005-10 / 9.00,8.7,17796,
人生,人生,https://book.douban.com/subject/3803820/,路遥 / 北京十月文艺出版社 / 2009-5 / 20.00元,8.5,64487,如果你是高加林，你要如何选择？
分成两半的子爵,Il visconte dimezzato,https://book.douban.com/subject/10555486/,[意] 伊塔洛·卡尔维诺 / 吴正仪 / 译林出版社 / 2012-4-1 / 20.00元,8.7,18034,
巴黎圣母院,Notre-Dame de Paris,https://book.douban.com/subject/1024197/,[法]雨果 / 陈敬容 / 人民文学出版社 / 1982-6 / 22.50元,8.4,94376,潜藏于残缺下的美与崇高
书名,别名,链接,信息,评分,评分人数,描述
书名,别名,链接,信息,评分,评分人数,描述
书名,别名,链接,信息,评分,评分人数,描述
书名,别名,链接,信息,评分,评分人数,描述
书名,别名,链接,信息,评分,评分人数,描述
书名,别名,链接,信息,评分,评分人数,描述
书名,别名,链接,信息,评分,评分人数,描述
书名,别名,链接,信息,评分,评分人数,描述
书名,别名,链接,信息,评分,评分人数,描述
书名,别名,链接,信息,评分,评分人数,描述
书名,别名,链接,信息,评分,评分人数,描述
书名,别名,链接,信息,评分,评分人数,描述
书名,别名,链接,信息,评分,评分人数,描述
书名,别名,链接,信息,评分,评分人数,描述
书名,别名,链接,信息,评分,评分人数,描述
书名,别名,链接,信息,评分,评分人数,描述
书名,别名,链接,信息,评分,评分人数,描述
书名,别名,链接,信息,评分,评分人数,描述
书名,别名,链接,信息,评分,评分人数,描述
书名,别名,链接,信息,评分,评分人数,描述
书名,别名,链接,信息,评分,评分人数,描述
书名,别名,链接,信息,评分,评分人数,描述
书名,别名,链接,信息,评分,评分人数,描述
书名,别名,链接,信息,评分,评分人数,描述
书名,别名,链接,信息,评分,评分人数,描述
书名,别名,链接,信息,评分,评分人数,描述
书名,别名,链接,信息,评分,评分人数,描述
书名,别名,链接,信息,评分,评分人数,描述
书名,别名,链接,信息,评分,评分人数,描述
书名,别名,链接,信息,评分,评分人数,描述
